superContractor;name;number
superContractor;PE-701-COS;2
superContractor;PE-001-DEM;2
superContractor;PE-059-LAM;2
superContractor;PE-132-SES;2
superContractor;PE-703-BOE;2
superContractor;PE-010-LEC;2
superContractor;PE-101-TEM;2
superContractor;PE-601-DUP;2
superContractor;PE-152-JOM;2
superContractor;PE-061-LES;2
superContractor;PE-012-SES;2
superContractor;PE-700-CAM;2
superContractor;PE-023-HEC;2
superContractor;PE-007-CRP;2
superContractor;PE-004-BOJ;2
superContractor;PE-612-GEO;2
superContractor;PE-103-BEM;2
superContractor;PE-107-DER;2
superContractor;PE-702-HEA;2
superContractor;PE-060-PEL;2
superContractor;PE-018-FOS;2
superContractor;PE-617-MEK;2
superContractor;PE-013-PRD;2
superContractor;PE-005-BRG;2
superContractor;PE-157-RIG;2
superContractor;PE-105-COP;2
superContractor;PE-430-ROM;2
superContractor;PE-008-KOJ;2
superContractor;PE-212-BOM;2
superContractor;PE-032-RUI;2
superContractor;PE-608-BAY;2
superContractor;PE-109-WRA;2
superContractor;PE-620-VAC;2
superContractor;PE-108-DUV;2
superContractor;PE-503-GOC;2
superContractor;PE-136-DEA;2
superContractor;PE-243-CAA;2
superContractor;PE-505-FEP;2
superContractor;PE-029-MAN;2
superContractor;PE-114-CAM;2
superContractor;PE-655-LOJ;2
superContractor;PE-151-LER;2
superContractor;PE-042-CAP;2
superContractor;PE-661-COD;2
superContractor;PE-554-LES;2
superContractor;PE-504-DEJ;2
superContractor;PE-507-BRP;2
superContractor;PE-038-BEC;2
superContractor;PE-104-CAM;2
superContractor;PE-502-BRS;2
superContractor;PE-154-FEJ;2
superContractor;PE-115-CAP;2
superContractor;PE-019-FOC;2
superContractor;PE-322-NOA;2
superContractor;PE-207-THJ;2
superContractor;PE-314-DEP;2
superContractor;PE-054-GUM;2
superContractor;PE-546-CHE;2
superContractor;PE-317-JUF;2
superContractor;PE-506-GAA;2
